ENTIDAD;ROL SIGED;NOMBRE;PUESTO;CORREO ELECTRÓNICO;TELÉFONO;DIRECCIÓN;FECHA DE ACTUALIZACIÓN
Aguascalientes;SECRETARIO DE EDUCACIÓN O TITULAR;Mtro. Luis Enrique Gutiérrez Reynoso;Director General del Instituto de Educación de Aguascalientes;luis.gutierrez@iea.edu.mx;449 9741861 Directo 449 910 5600 ext. 4007 y 4450 4011, 4012, 4183, 4184;"Carretera San Luis Potosí km. 2 Fracc. Ojocaliente 
C.P. 20196, 
Aguascalientes, Ags.";05/09/2025
Aguascalientes;ENLACE SIGED;Mtra. Catalina Jiménez Martínez;Subdirectora de Control Escolar, Incorporación y Revalidación del Instituto de Educación de Aguascalientes;catalina.jimenezmartinez@iea.edu.mx;449 9105600 ext. 4202;Av. Tecnológico No. 601, Fracc. Ojocaliente, C.P. 20196, Aguascalientes, Ags.;05/09/2025
Aguascalientes;ENLACE SIGED;C. Martha Alicia de Alba Mora;Jefa del Departamento de Control Escolar del Instituto de Educación de Aguascalientes;martha.dealba@iea.edu.mx;449 9105600 ext. 4524;Av. Tecnológico No. 601, Fracc. Ojocaliente, C.P. 20196, Aguascalientes, Ags.;05/09/2025
Aguascalientes;OPERADOR CONTROL ESCOLAR;Ing. Rolando Cadena González;Soporte Técnico e Informático de la Subdirección de Control Escolar, Incorporación y Revalidación del Instituto de Educación de Aguascalientes;rolando.cadena@iea.edu.mx;449 9105600 ext. 4229;Av. Tecnológico No. 601, Fracc. Ojocaliente, C.P. 20196, Aguascalientes, Ags.;05/09/2025
Aguascalientes;OPERADOR CONTROL ESCOLAR;Ing. Gerardo Jesús Díaz Vela;Soporte Técnico e Informático de la Subdirección de Control Escolar, Incorporación y Revalidación del Instituto de Educación de Aguascalientes;gerardo.diaz@iea.edu.mx;449 9105600 ext. 4105;Av. Tecnológico No. 601, Fracc. Ojocaliente, C.P. 20196, Aguascalientes, Ags.;05/09/2025
Aguascalientes;OPERADOR NÓMINA ;Lic. Alfonso Guerrero Ortega;Jefe de Procesamiento de Nómina adscrito a la Subdirección de Capital Humano del Instituto de Educación de Aguascalientes;alfonso.guerrero@iea.edu.mx;449 9105600 ext. 4164 y 4157;Av. Tecnológico No. 601, Fracc. Ojocaliente, C.P. 20196, Aguascalientes, Ags.;05/09/2025
Baja California;SECRETARIO DE EDUCACIÓN O TITULAR;Mtra. Irma Martínez Manríquez;Secretaria de Educación y Directora General del Instituto de Servicios Educativos y Pedagógicos del Estado de Baja California ;irmamartinezm@bcedu.mx;"Conmutador Tel.: (686) 559 88 00
ext. 8895 y 8814
Coordinación Sectorial
ext. 8925 y 8953
";"Calzada Anáhuac 427,
Col. Ex ejido Zacatecas, C.P. 21090, Mexicali, Baja California. (2do piso)";05/09/2025
Baja California;ENLACE SIGED;Lic. José Manuel Montaño Godínez ;Unidad de Control Escolar Estatal del Instituto de Servicios Educativos y Pedagógicos del Estado de Baja California ;jgarcia23@bcedu.mx; 686 551 85 49;"Av. Álvaro Obregón No. 573, 
Col. Centro, C.P. 21100
Mexicali, Baja California";05/09/2025
Baja California;OPERADOR CONTROL ESCOLAR;Lic. José Manuel Montaño Godínez ;Unidad de Control Escolar Estatal del Instituto de Servicios Educativos y Pedagógicos del Estado de Baja California ;jgarcia23@bcedu.mx;"686 551 85 00
Ext. 8401";"Av. Álvaro Obregón No. 573, 
Col. Centro, C.P. 21100
Mexicali, Baja California";05/09/2025
Baja California;OPERADOR NÓMINA ;Tec. Marco Antonio Osorio Parra;Operador de Nómina, del Instituto de Servicios Educativos y Pedagógicos del Estado de Baja California ;marcoosorio@adm.edubc.mx;686 559 8641;"Avenida Industrial #291 
Col. Industrial C.P. 21010 
Mexicali Baja California";05/09/2025
Baja California Sur;SECRETARIO DE EDUCACIÓN O TITULAR;Mtra. Alicia Meza Osuna;"Secretaria de Educación Pública
del Estado de Baja California Sur";"alicia.meza@sepbcs.gob.mx
";"612 123 81 01
612 123 81 02
612 123 81 09
Conm: 612 123 80 00
ext. 1101, 1102 y 1109";"Blvd. Luis Donaldo Colosio, esq. Valentín Gómez Farías Col. Pueblo Nuevo
C.P. 23060
La Paz, BCS";05/09/2025
Baja California Sur;ENLACE SIGED CONTROL ESCOLAR;Ing. Linette Guadalupe Jiménez Meza;Jefa del Departamento de Registro y Certificación Escolar, de la Secretaria de Educación Pública del Estado de Baja California Sur;linette.jimenez@sepbcs.gob.mx;  612 12 380 10 Ext. 1010 ;"Boulevard Luis Donaldo Colosio Murrieta esq. Valentín Gómez Farías, s/n,
Col. Arboledas, C.P. 23060, La Paz, Baja California Sur.";05/09/2025
Baja California Sur;OPERADOR CONTROL ESCOLAR;Lic. Jesús Carrasco Martínez;Programador Responsable de la Plataforma SIIEBASICA de la Secretaria de Educación Pública del Estado de Baja California Sur;"sistemas.sie.basica@sepbcs.gob.mx
";"  612 12 3 80 92 Ext: 1092
612 13 2 33 84 ( Celular)";"Boulevard Luis Donaldo Colosio Murrieta esq. Valentín Gómez Farías, s/n,
Col. Arboledas, C.P. 23060, La Paz, Baja California Sur.";05/09/2025
Baja California Sur;OPERADOR CONTROL ESCOLAR;C. Julio César Miranda Camacho  ;Programador Responsable del Departamento de Registro y Certificación Escolar,  de la Secretaria de Educación Pública del Estado de Baja California Sur;"certifenlacecomputo@sepbcs.gob.mx
jmiranda.31@gmail.com";"(612) 12 38 092 Ext: 1092
Cel: 6121405932";"Boulevard Luis Donaldo Colosio Murrieta esq. Valentín Gómez Farías, s/n,
Col. Arboledas, C.P. 23060, La Paz, Baja California Sur.";05/09/2025
Baja California Sur;OPERADOR CONTROL ESCOLAR;Ing. José Gerardo Aguilar Osuna;Programador del Departamento de Registro y Certificación Escolar de la Secretaría de Educación Pública del Estado de Baja California Sur;certifenlacecomputo2@sepbcs.gob.mx;"  612 12 3 80 92 Ext: 1092
612 34 8 02 98 ( Celular)";"Boulevard Luis Donaldo Colosio Murrieta esq. Valentín Gómez Farías, s/n,
Col. Arboledas, C.P. 23060, La Paz, Baja California Sur.";05/09/2025
Baja California Sur;ENLACE SIGED DE NÓMINA;Lic. Manuel Cervantes Rodríguez;Jefe del Departamento de Pagos, de la Secretaria de Educación Pública del Estado de Baja California Sur;"manuel.cervantes@sepbcs.gob.mx
";"612 12 381 52 Ext. 1152
612 231 76 05 ( Celular)";"Boulevard Luis Donaldo Colosio Murrieta esq. Valentín Gómez Farías, s/n,
Col. Arboledas, C.P. 23060, La Paz, Baja California Sur.";05/09/2025
Baja California Sur;OPERADOR NÓMINA ;Lic. Lenin Pérez Manríquez;Especialista en Teleinformática, de la Secretaria de Educación Pública del Estado de Baja California Sur;lenin_perez_m@hotmail.com;"612 122 91 26
612 140 09 88 ( Celular)";"Boulevard Luis Donaldo Colosio Murrieta esq. Valentín Gómez Farías, s/n,
Col. Arboledas, C.P. 23060, La Paz, Baja California Sur.";05/09/2025
Campeche;SECRETARIO DE EDUCACIÓN O TITULAR;Mtro. Víctor Manuel Sarmiento Maldonado ;Secretario de Educación del Estado de Campeche;"victor.sarmiento@educacioncampeche.gob.mx
correspondencia@educacioncampeche.gob.mx";"
Conm. 981 8130 635/981 1273 350
Ext. 36554, 36504";"Av. Maestros Campechanos s/n
Col. Sascalum
C.P. 24095
San Francisco Campeche, Camp.";05/09/2025
Campeche;ENLACE SIGED;C.P. Juan Manuel Alcocer Martínez;Director de Planeación y Programación, de la Secretaría de Educación del Estado de Campeche;"jm_alcocer@hotmail.com
planeacion@educacioncampeche.gob.mx";" 
981 127 3350 
Ext. 36310";"Av. Maestros Campechanos s/n
Col. Sascalum
C.P. 24095
San Francisco Campeche, Camp.";05/09/2025
Campeche;OPERADOR CONTROL ESCOLAR;Ing. Víctor Alan Vargas Badillo;Subjefe del Departamento de Control Escolar de Educación Básica de la Secretaría de Educación del Estado de Campeche;"alan.vargas@educacioncampeche.gob.mx
controlescolar.basica@educacioncampeche.gob.mx
";"981 127 33 50 
Ext. 36506";"Av. Maestros Campechanos s/n
Col. Sascalum
C.P. 24095
San Francisco Campeche, Camp.";05/09/2025
Campeche;OPERADOR NÓMINA ;Ing. Juan Luis Góngora Díaz;Jefe de Departamento de Microplaneación y Estructuras Ocupacionales de la Secretaría de Educación del Estado de Campeche;"mcplanea.eo@educacioncampeche.gob.mx
";"                                                                                               981 127 3350
Ext. 36511 ";"Av. Maestros Campechanos s/n
Col. Sascalum
C.P. 24095
San Francisco Campeche, Camp.";05/09/2025
Chiapas;SECRETARIO DE EDUCACIÓN O TITULAR;Dr. Roger Adrián Mandujano Ayala;Secretario de Educación del Estado de Chiapas;"educacionchiapas.secretario@sechiapas.gob.mx
oficialiaeducacionchiapas@gmail.com";"Conm: 961 618 83 00
ext. 1011 y 1012
Coordinación Sectorial
ext. 70603 y 70604
";"Unidad Administrativa Edif. B, 2° piso
Col. Maya C.P. 29000
Tuxtla Gutiérrez, Chis.
";05/09/2025
Chiapas;ENLACE SIGED;Lic. Paulo César Jon Aguilar;Subdirector de Programación y Presupuesto, de la Subsecretaría de Planeación Educativa, de la Secretaria de Educación del Estado de Chiapas;"spe.dpp.subdireccion@sefchiapas.gob.mx
paulojonaguilar@gmail.com";961 61 735 02 Ext. 60018;Oficinas de la Subsecretaría de Planeación Educativa, Libramiento Norte Oriente S/N, Col. Paso limón, C.P. 29045, Tuxtla Gutiérrez Chiapas.;05/09/2025
Chiapas;OPERADOR CONTROL ESCOLAR;Ing. Javier Avendaño Coutiño;Subjefe de sistemas de Control Escolar, de la Secretaria de Educación Del Estado de Chiapas;registro.chiapas@gmail.com;"961 614 4778 
961 617 0532 
961 604 1695
Ext. 60050 - 60051";Libramiento Norte Oriente  (Salomon Gonzalez blanco) y Calzada paso limón S/N , Tuxtla Gutierrez Chiapas, CP 29049;05/09/2025
Chiapas;OPERADOR NÓMINA ;Lic. Paulo César Jon Aguilar;Subdirector de Programación y Presupuesto, de la Subsecretaría de Planeación Educativa, de la Secretaria de Educación del Estado de Chiapas;"spe.dpp.subdireccion@sefchiapas.gob.mx
paulojonaguilar@gmail.com";961 61 735 02 Ext. 60018;Oficinas de la Subsecretaría de Planeación Educativa, Libramiento Norte Oriente S/N, Col. Paso limón, C.P. 29045, Tuxtla Gutiérrez Chiapas.;05/09/2025
Chihuahua;SECRETARIO DE EDUCACIÓN O TITULAR;Lic. Francisco Hugo Gutiérrez Dávila;"Secretario de Educación y Deporte
del Estado de Chihuahua";hugo.gutierrez@chihuahuaedu.gob.mx;"Conm: 614 429 33 00
ext. 12300 y 12301
";"Venustiano Carranza #803, Edif. Héroes de la Revolución, 3er piso
Col. Obrera C.P. 31350
Chihuahua, Chih.
";05/09/2025
Chihuahua;ENLACE SIGED;Mtra. Mónica Ramos Rodríguez;Directora de Programación y Presupuesto de Servicios Educativos, de la Secretaría de Educación y Deporte del Estado de Chihuahua;monica.ramos@seech.edu.mx;"614 429 1335 Ext. 13107 - 13261
";Antonio de Montes y Glandorf No. 4700, Col. Panamericana C.P. 31200 Chihuahua, Chiuahua.;05/09/2025
Chihuahua;OPERADOR CONTROL ESCOLAR;Ing. Miguel Ángel Rodríguez López;Jefe de Departamento de Estadística y Administración de los Sistemas de Gestión Escolar, de la Secretaría de Educación y Deporte del Estado de Chihuahua;miguel.rodriguez@seech.edu.mx;614 429 33 00 Ext. 13225 - 13158;Antonio de Montes y Glandorf No. 4700, Col. Panamericana C.P. 31200 Chihuahua, Chiuahua.;05/09/2025
Chihuahua;OPERADOR NÓMINA ;C.P. Raúl Florencio Aguilera Celaya;Director Administrativo, de la Secretaría de Educación y Deporte del Estado de Chihuahua;raul.aguilera@chihuahuaedu.gob.mx;614 429 33 00 Ext. 11619;"Av. Venustiano Carranza No. 803 
Col. Obrera, C.P. 31350
Chihuahua, Chiuhuahua";05/09/2025
Ciudad de México;SECRETARIO DE EDUCACIÓN O TITULAR;Dr. Francisco Concheiro Bórquez;Titular de la Autoridad Educativa Federal en la Ciudad de México;oficina.autoridadeducativa@aefcm.gob.mx;"36 01 87 18                                                                             36 01 87 08
36 01 60 00
36 01 84 00
Ext. 52223, 52224 Y 52225";"Brasil #31, ofna 208 Col. Centro
Alcaldía Cuauhtémoc
C.P. 06029, Ciudad de México";05/09/2025
Ciudad de México;ENLACE SIGED;Dr. Jonatan Mireles Hernández;Director de Procesamiento de Información, de la Coordinación Sectorial del Centro de Desarrollo Informático Arturo Rosenblueth, de la Autoridad Educativa Federal en la Ciudad de México.;jonatan.mirelesh@aefcm.gob.mx;" 55 36 01 71 01                                                                         55  36 01 71 00
Ext. 43501 - 43502";Avenida Instituto Politécnico Nacional 3600, Colonia San Pedro Zacatenco, Del. Gustavo A. Madero C.P. 07360 ;05/09/2025
Ciudad de México;OPERADOR CONTROL ESCOLAR;Ing. Edgar Lobato Delgadillo;Jefe de Departamento de Productos de Acreditación y Certificación;edgar.lobato@aefcm.gob.mx;55 36 01 71 00 Ext.43603;Avenida Instituto Politécnico Nacional 3600, Colonia San Pedro Zacatenco, Del. Gustavo A. Madero C.P. 07360 ;05/09/2025
Coahuila;SECRETARIO DE EDUCACIÓN O TITULAR;Mtro. Emanuel José de Jesús Garza Fishburn;Secretario de Educación del Estado de Coahuila de Zaragoza;secoahuila@docentecoahuila.gob.mx;844 411-88 00 Ext. 3110 ;"Blvd. Francisco Coss y Av. Magisterio s/n
Zona Centro
C.P. 25000
Saltillo, Coahuila de Zaragoza
";05/09/2025
Coahuila;ENLACE SIGED;Ing. Gerardo Francisco Hernández Gómez ;Director General de Tecnologías de Información,de la Secretaría de Educación del Estado de Coahuila;agerardohernandez@sfcoahuila.gob.mx;844 411 8876 Ext. 3163;Av. Magisterio S/N Unidad Campo Redondo C.P. 25000, Saltillo Coahuila;05/09/2025
Coahuila;OPERADOR CONTROL ESCOLAR;Mtro. Luis Miguel Morales Guzmán;Director General de la Dirección General de Gestión Escolar y Estadística, de la Secretaría de Educación del Estado de Coahuila;luismiguel.morales8207@docentecoahuila.gob.mx;844 411 88 20  Ext. 3704;Blvd. Francisco Coss y Av. Magisterio s/n, Unidad Campo Redondo 25000 Saltillo, Coah.;05/09/2025
Coahuila;OPERADOR NÓMINA ;Lic. Víctor Hugo Cuenca Padilla;Jefe de Departamento, de la Secretaría de Educación del Estado de Coahuila;victorhugo.cuenca@docentecoahuila.gob.mx;844 411 88 00 Ext. 3175;Blvd. Francisco Coss y Av. Magisterio s/n, Unidad Campo Redondo 25000 Saltillo, Coah.;05/09/2025
"Colima
";SECRETARIO DE EDUCACIÓN O TITULAR;Prof. Adolfo Núñez González;"Secretario de Educación
del Estado de Colima";despacho.secretario@secolima.gob.mx;"312 316 16 20
Conm: 312 316 15 67
312 316 15 00
ext. 31940, 31945 y 31958
";Av. Gonzalo de Sandoval 760, Las Víboras, 28040 Colima, Col.;05/09/2025
"Colima
";ENLACE SIGED;Ing. Carlos Fernando Medina Munguia;Apoyo Administrativo, de la Subsecretaria de Educación  de la Secretaría de Educación y Cultura del Estado de Colima;carlos.medina@secolima.gob.mx;312 135 27 92  Ext. 31636;Av. Gonzalo de Sandoval 760, Las Víboras, 28040 Colima, Col.;05/09/2025
"Colima
";OPERADOR CONTROL ESCOLAR;Lic. Benjamín Sotomayor Campos;Jefe del Departamento de Registro, Certificación y RVOE, de la  Secretaría de Educación y Cultura del Estado de Colima;benjamin.sotomayor@secolima.gob.mx;"312 316 15 00 
312 316 1542 
Ext. 31660 - 31850  CEL: 312-11-99-710";Av. Gonzalo de Sandoval 760, Las Víboras, 28040 Colima, Col.;05/09/2025
"Colima
";OPERADOR NÓMINA ;Ing. Álvaro Alejandro Eusebio Buenrostro;Administrativo, de la Secretaría de Educación y Cultura del Estado de Colima;alvaro.buenrostro.21@gmail.com;312 13 13 782;Av. Gonzalo de Sandoval 760, Las Víboras, 28040 Colima, Col.;05/09/2025
Durango;SECRETARIO DE EDUCACIÓN O TITULAR;Dr. José Guillermo Adame Calderón;Secretario de Educación del Estado de Durango;"educacion@durango.gob.mx
";"618 137 62 98
618 137 67 26
618 137 67 36
618 137 67 46
Conm: (618) 137 63 01
ext. 76301

";"Blvd. Domingo Arrieta No. 1700, Edif. A
Fracc. Domingo Arrieta
C.P. 34180
Durango, Dgo.
";05/09/2025
Durango;ENLACE SIGED;Ing. Claudio Enrique Cussin Noriega;Director de Sistemas y Tecnologías de la Información en la Secretaría de Educación del Estado de Durango;claudio.cussin@durango.gob.mx;(618) 137 63 51;Blvd. Domingo Arrieta 1700, Gral Domingo Arrieta, 34180 Durango, Dgo;05/09/2025
Durango;OPERADOR CONTROL ESCOLAR;M. EN. P. Karla Janeth Sigala Silva;Jefa del Departamento de Acreditación y Certificación, de la Secretaría de Educación del Estado de Durango;"karla.sigala@durango.gob.mx
acreditacion.educacion@durango.gob.mx"; (618) 137 60 12 ;Blvd. Domingo Arrieta 1700, Gral Domingo Arrieta, 34180 Durango, Dgo;05/09/2025
Durango;OPERADOR NÓMINA ;L.A. Lizette Nevárez Carrera;Subdirectora de Personal Estatal, de la Secretaría de Educación del Estado de Durango;lizette.carrera@durango.gob.mx;618 137 62 35                                                                             6181634643 (Cel);Blvd. Domingo Arrieta 1700, Gral Domingo Arrieta, 34180 Durango, Dgo;05/09/2025
Estado de México;SECRETARIO DE EDUCACIÓN O TITULAR;Mtro. Miguel Ángel Hernández Espejel;Secretario de Educación del Estado de México;seduc@edomex.gob.mx;"722 276 00 78
Conm: 722 167 84 00
ext. 7702, 7722 y 7730
";"Lerdo Poniente No. 300, 2° piso, pta. 328, Palacio del Poder Ejecutivo
Col. Centro
C.P. 50000
Toluca, Estado de México
";05/09/2025
Estado de México;ENLACE SIGED - ESTATAL;Oliver Suárez García de León;Encargado de la Dirección General de Información, Planeación y Operación de la Coordinación Estatal del Servicio Profesional Docente, de la Secretaría de Educación del Estado de México;dgipo.cespd@edugem.gob.mx;7222264300 ext 48190,48269;"Lerdo Poniente No. 300, Segundo Piso, Pta. 334 Palacio Del Poder Ejecutivo, 
Col. Centro, C.P. 50000, 
Toluca, Estado de México.";05/09/2025
Estado de México;ENLACE SIGED - FEDERAL;Mtra. Alejandra Aja Enriquez;Coordinadora de Administración y Finanzas, de Servicios Educativos Integrados al Estado de México;" alejandra.aja@seiem.gob.mx
controlescolar@seiem.gob.mx";"7222 65 12 00 ext: 0306 
55 40 80 28 22 ( Celular)"; Agripín García Estrada #1306,Col.Santa Cruz Aztcapotzaltongo,CP.50290, Toluca,Estado de México;05/09/2025
Estado de México;OPERADOR CONTROL ESCOLAR ESTATAL;Ing. Aarón Romero Medina;Coordinador de Proyectos Especiales de la Unidad de Planeación, Evaluación y Control Escolar de la Secretaría de Educación, Ciencia, Tecnología e Inovación del Estado de México;aaron.romero@edugem.gob.mx;722 214 72 58;Av. Independencia Ote N. 407, Col Santa Clara, Toluca Estado de Mexico. C.P. 50090;05/09/2025
Estado de México;OPERADOR DE CONTROL ESCOLAR - FEDERAL;Ing. Arturo Velarde García;Enlace Operativo de Control Escolar Federal, de la Secretaría de Educación del Estado de México;"arturo.velarde@seiem.gob.mx
controlescolar@seiem.gob.mx";"722 2651200 Ext. 1410, 1424
722 1690866 (Celular)"; Agripín García Estrada #1306,Col.Santa Cruz Aztcapotzaltongo,CP,50030, Toluca,Estado de México;05/09/2025
Estado de México;OPERADOR DE NOMINA ;Adriana Velázquez García;Coordinadora del Área de Estadísticas y Control de la Delegación Administrativa Secretaría de Educación, Ciencia, Tecnología e Inovación del Estado de México;"estadisticasycontrol.daseb@gmail.com
adriana.velazquez229@edugem.gob.mx";"7226889746
7227715682( Celular)";"Calle Lerdo Poniente #300, 
Col. Centro C.P. 50000
Toluca, Estado de México";05/09/2025
Guanajuato;SECRETARIO DE EDUCACIÓN O TITULAR;Luis Ignacio Sánchez Gómez;Secretario de Educación del Estado de Guanajuato;luisignaciosanchezg@seg.guanajuato.gob.mx;"473 732 14 03
473 732 33 72
473 737 24 55
Conm: 473 735 10 00
Ext. 1006,1023, 5715, 1062 y 5711";"Conjunto Administrativo Pozuelos s/n 3er. Nivel
Col. Pozuelos
C.P. 36000
Guanajuato, Gto.

";05/09/2025
Guanajuato;ENLACE SIGED;Mtra. Ma. del Pilar Ortega Martínez;Directora General de Política Educativa, de la Secretaría de Educación del Estado de Guanajuato;md_ortegam@seg.guanajuato.gob.mx;473 102 02 00 Ext: 7065;Conjunto Administrativo Pozuelos s/n, Primer Nivel, Zona Centro, C.P. 36000 Guanajuato , Guanajuato, ;05/09/2025
Guanajuato;OPERADOR CONTROL ESCOLAR;Ing. Juana Gabriela Corona Flores;Jefe de Unidad de la Generación de Información Estratégica,  de la Secretaría de Educación del Estado de Guanajuato;g_corona@seg.guanajuato.gob.mx;"473 735 10 00 
473 735 12 00
473 735 12 93
Ext. 1503";Carretera Guanajuato-Puentecillas km 9.5,Guanajuato, Gto. ;05/09/2025
Guanajuato;OPERADOR NÓMINA ;Ing. Gabriela Margarita Manrique Cervantes;Jefa del Sistema de Información Educativa,e la Secretaría de Educación del Estado de Guanajuato ;g_manrique@seg.guanajuato.gob.mx;477 765 28 14 (Celular);"Conjunto Administrativo Pozuelos s/n 1er nivel, Guanajuato, Gto, CP. 36000
Leon Guanajuato";05/09/2025
Guerrero;SECRETARIO DE EDUCACIÓN O TITULAR;Mtro. Ricardo Castillo Peña;Secretario de Educación del Estado de Guerrero;"secretaria.educacion@segro.edu.mx 
ricardo.castillo@segro.edu.mx";47 18 300 EXT 8294, 8295 - 8252                                      47 183 15 EXT.8643;Calle Pino, S/N, Col. Villa Lucerna, C.P. 39085 Chilpancingo de los Bravo, Gro.;05/09/2025
Guerrero;ENLACE SIGED;Lic. Priscila Rivera Domínguez;Directora General de Control Escolar y Fomento Educativo de la Secretaría de Educación del Estado de Guerrero;"priscilarivedo91@gmail.com
direcciongral.controlyfomento@gmail.com";"(747) 47 18 300 EXT 8641                                                     
733 106 42 81 (celular)";"Boulevard René Juárez Cisneros N° 109, Esquina con privada Antonio Cervantes Delgado,
Col. El Potrerito C.p 39070
Chilpancingo de los Bravo, Gro.";05/09/2025
Guerrero;OPERADOR CONTROL ESCOLAR;Lic. Benita Fabiola Leyva Flores;Directora de Control Escolar, de la Secretaría de Educación del Estado de Guerrero;fabiolaleyva360@gmail.com;"(747) 47 18 300 EXT 8430                                                     
747 529 93 05 (celular)";"Boulevard René Juárez Cisneros N° 109, Esquina con privada Antonio Cervantes Delgado,
Col. El Potrerito C.p 39070
Chilpancingo de los Bravo, Gro.";05/09/2025
Guerrero;OPERADOR CONTROL ESCOLAR;Ing. José Omar Calderón Suárez;Jefe de Departamento de Sistemas de Información de la Secretaría de Educación del Estado de Guerrero;soportepaseg.dti@seg.gob.mx;"(747) 47 18 300 EXT 8430                                                     
747 129 97 73 (celular)";"Boulevard René Juárez Cisneros N° 109, Esquina con privada Antonio Cervantes Delgado,
Col. El Potrerito C.p 39070
Chilpancingo de los Bravo, Gro.";06/09/2025
Guerrero;OPERADOR NÓMINA ;Ing. Naolin Abraham Molina Espíritu;Soporte Técnico Magisterio Estatal Guerrero, de la Secretaría de Educación del Estado de Guerrero;naolin.molina@guerrero.gob.mx;47 18 300 Ext. 8006 y 8004;"Calle Principal #6 Fracc. El Potrerito C.P. 39070 
Chilpancingo Guerrero";05/09/2025
Hidalgo;SECRETARIO DE EDUCACIÓN O TITULAR;Dr. Natividad Castrejón Valdez;Secretario de Educación Pública del Estado de Hidalgo;"natividad.castrejon@seph.gob.mx
";"771 717 35 53
771 717 35 20
Conm.
771 717 25 10
771 717 35 00
ext. 3520
";Blvd. Felipe Ángeles SN, Venta Prieta, 42080 Pachuca de Soto, Hgo.;05/09/2025
Hidalgo;ENLACE SIGED ;Mtro. Osvaldo Naim Espinosa Madrigal;Encargado de la Dirección General de Información, Registro y Estadística del Estado de Hidalgo;"osvaldo.espinosa@seph.gob.mx
dgsistemaestatalinfo.estadisticaedu.air@seph.gob.mx";"771 236 69 44
";Blvd. Felipe Ángeles s/n, Col. Venta Prieta, Pachuca Hidalgo, C.P. 42080;12/05/2026
Hidalgo;OPERADOR CONTROL ESCOLAR;Lic. Ivan Rojo Moreno;Enlace Informatico, de la Secretaría de Educación del Estado de Hidalgo;"
lic.ivanrojo@hotmail.com";771 717 35 11 Ext. 3512;Blvd. Felipe Ángeles S/N Col. Venta Prieta, Pachuca Hidalgo, C.P. 42080;05/09/2025
Jalisco;SECRETARIO DE EDUCACIÓN O TITULAR;Mtro. Juan Carlos Flores Miramontes;Secretario de Educación del Estado de Jalisco;juancarlos.floresmiramontes@jalisco.gob.mx;"333 030 75 02
333 030 75 03
Comn: 333 030 75 00
ext. 57501, 57502,  53602
";"Av. Prolongación Alcalde No. 1351, edif. B, 8° piso Torre de Educación
Col. Miraflores
C.P. 44280
Guadalajara, Jal.
";05/09/2025
Jalisco;ENLACE SIGED ;Claudia Catalina Véliz Yerenas;Encargada del Despacho de la Dirección de Acreditación, Incorporación y Revalidación Educativa, de la Secretaría de Educación del Estado de Jalisco;catalina.yerenas@jalisco.gob.mx;33 30 30 75 00 Ext: 53771                                                                     ;"Av. Central Guillermo, González Camarena # 615 
Col. Residencial Poniente, C.P. 45136 
Zapopan, Jalisco.";05/09/2025
Jalisco;ENLACE SIGED ;Christian Francisco Aguayo Becerra;Director de Remuneración, de la Secretaría de Educación del Estado de Jalisco;christian.aguayo@jalisco.gob.mx;33 36 78 75 00 Ext. 53817 ;"Av. Central Guillermo, González Camarena # 615 
Col. Residencial Poniente, C.P. 45136 
Zapopan, Jalisco.";05/09/2025
Jalisco;OPERADOR CONTROL ESCOLAR;Rosa Alejandra Morales Martínez;Analista de Datos de Control Escolar, de la Secretaría de Educación del Estado de Jalisco;alejandra.morales@jalisco.gob.mx;33 36 78 75 00 Ext. 57148;"Av. Central Guillermo, González Camarena # 615 
Col. Residencial Poniente, C.P. 45136 
Zapopan, Jalisco.";05/09/2025
Jalisco;OPERADOR DE NOMINA ;Juan Edgar Sevilla Núñez;Titular de la Nómina Estatal, de la Secretaría de Educación del Estado de Jalisco;juan.sevilla@jalisco.gob.mx;33 36 78 75 00 Ext. 56753;"Av. Central Guillermo, González Camarena # 615 
Col. Residencial Poniente, C.P. 45136 
Zapopan, Jalisco.";05/09/2025
Michoacán;SECRETARIO DE EDUCACIÓN O TITULAR;Dra. Gabriela Desireé Molina Aguilar;Secretaria de Educación del Estado de Michoacán;secretariadeeducacion@michoacan.gob.mx;"443 299 64 07
443 299 62 64
443 316 27 05
ext. 4754
Coord. Sectorial.
ext. 71402 al 05
";"Siervo de la Nación No. 1175
Col. Sentimientos de la Nación
C.P. 58170
Morelia, Mich
";05/09/2025
Michoacán;ENLACE SIGED ;Ing. Omar Heriberto Rubio Garibay;Director de Planeación Educativa, de la Secretaría de Educación del Estado de Michoacán;ohrubiog@hotmail.com ;443 299 64 56 Ext. 1220 - 1221                                       443 107 22 70 ( Cel);Av. Siervo de la Nación No. 1175, Col. Sentimientos de la Nación, C.P. 58192 Morelia, Michoacan;05/09/2025
Michoacán;OPERADOR CONTROL ESCOLAR ENCARGADO;L.A. Salvador Daniel Casas García;Director de Incorporación, Control y Certificación de la Secretaría de Educación del Estado de Michoacán;daniel.casas.gar@mich.nuevaescuela.mx;443 312 47 51;Av. Siervo de la Nación No. 1175, Col. Sentimientos de la Nación, C.P. 58192 Morelia, Michoacan;05/09/2025
Michoacán;OPERADOR CONTROL ESCOLAR;Lic. Abner Albarrán Diana;Jefe del Departamento de Control Escolar,  de la Secretaría de Educación del Estado de Michoacán;abner.albarran@gmail.com;443 318 08 24 (Cel);Av. Siervo de la Nación No. 1175, Col. Sentimientos de la Nación, C.P. 58192 Morelia, Michoacan;05/09/2025
Michoacán;OPERADOR DE NOMINA ENCARGADA;C.P. Lourdes Leinalí Pérez Escalante;Jefa del Departamento de Personal Estatal, de la Secretaría de Educación del Estado de Michoacán;leilani_lulu@hotmail.com;443 146 48 49 (Cel);Av. Siervo de la Nación No. 1175, Col. Sentimientos de la Nación, C.P. 58192 Morelia, Michoacan;05/09/2025
Michoacán;OPERADOR DE NOMINA ESTATAL;Néstor Fabián Padilla Zúñiga;Operador de Nómina Estatal, de la Secretaría de Educación del Estado de Michoacán;nestorfabianpadillazuniga@gmail.com;443 273 34 86;Av. Siervo de la Nación No. 1175, Col. Sentimientos de la Nación, C.P. 58192 Morelia, Michoacan;05/09/2025
Morelos;SECRETARIO DE EDUCACIÓN O TITULAR;Mtra. Karla Aline Herrera Alonso;Secretaria de Educación del Estado de Morelos;karla.herrera@morelos.gob.mx;"
Conm: 777 329 22 00
Ext. 1603 y 1604";"Plaza de Armas s/n piso 2
Col. Centro, C.P. 62000,
Cuernavaca Morelos
Palacio de Gobierno o Casa Morelos.";05/09/2025
Morelos;ENLACE SIGED;Mtro. Jorge Alberto Trejo Chávez;Encargado del Despacho de la Dirección de Planeación Educativa del Instituto de Educación Básica del Estado de Morelos;jorge.trejo@iebem.edu.mx;"Conm.: 777 317 16 88 
Ext. 153 Directo: 777 317 03 11";Nueva Italia SN Col. Lomas de Cortés, 62240 Cuernavaca, Morelos;05/09/2025
Morelos;OPERADOR CONTROL ESCOLAR;Lic. Haydee García Miranda;Encargada de Despacho del Departamento de Control Escolar del Instituto de Educación Básica del Estado de Morelos;haydee.garcia@iebem.edu.mx;"Conm. 777 317 16 88 
Ext. 178 Directo: 777 102 01 12 
";Nueva Italia SN Col. Lomas de Cortés, 62240 Cuernavaca, Morelos;05/09/2025
Morelos;OPERADOR NÓMINA ;Ing. Juan Jesús Muñoz Chávez;Encargado del Despacho de la Dirección de Personal y Relaciones Laborales del Instituto de Educación Básica del Estado de Morelos;jesus.munoz@iebem.edu.mx;"Conm. 777 317 16 88 
Ext. 138 Directo: 777 311 97 84";Nueva Italia SN Col. Lomas de Cortés, 62240 Cuernavaca, Morelos;05/09/2025
Nayarit;SECRETARIO DE EDUCACIÓN O TITULAR;Mtra. Myrna Araceli Manjarrez Valle;Secretaria de Educación del Estado de Nayarit;educacion@nayarit.gob.mx;"311 180 67 82
Conm:
311 211 91 00
ext.1002
Cel. part. 331 1493 661";Av. Del Parque y Av. La Cultura S/N, Fracc Cd. Del Valle, C.P. 63157, Tepic, Nay.;05/09/2025
Nayarit;ENLACE SIGED - ESTATAL;C. Christian Magally Llanos Castro;Directora General de Planeación y Evaluación Educativa, de la Secretaría de Educación del Estado de Nayarit;dir.planeacionyevaluacion@nayarit.gob.mx;311-890-78-76;Av.del Parque y España S/N, Fracc. Ciudad del Valle, C.P. 63157, Tepic, Nayarit;05/09/2025
Nayarit;ENLACE SIGED - FEDERAL;L.P.L. José Carlos Urzua Gutiérrez ;Director de Planeación y Evaluación Educativa, de la Secretaría de Educación del Estado de Nayarit ;dpee@sepen.gob.mx;311-132-20-63;Av.del Parque y España S/N, Fracc. Ciudad del Valle, C.P. 63157, Tepic, Nayarit;05/09/2025
Nayarit;OPERADOR CONTROL ESCOLAR ESTATAL;Romeo Alejandro González Rosales ;Responsable SIIE Estatal del Departamento de Control Escolar y Estadística, de la Secretaría de Educación del Estado de Nayarit;"dep.control.estadistica@nayarit.gob.mx
romeogr7@gmail.com";"311-143-84-90
";"Av. Del Parque y Av. España No. Ext. 35, Col. Fraccionamiento Cd. Del Valle, C.P. 63157
Tepic, Nayarit";05/09/2025
Nayarit;OPERADOR DE CONTROL ESCOLAR FEDERAL;"Ing. Fernando Magallanes Machuca
";Subjefe de Sistemas Escolarizados, de la Secretaría de Educación del Estado de Nayarit;"fernando.magallanes.mac@sepen.gob.mx

";311 211 91 25 EXT: 221;Edificio Dirección General de Planeación y Evaluación Educativa , Planta Baja , Av. del parque y  Av. España S/N, Fracionamiento. CD. del valle, C.P. 63157, Tepic, Nayarit;05/09/2025
Nayarit;OPERADOR DE NOMINA ESTATAL;Lic. Vianey Ponce Ahumada ;Jefa de Departamento de Tecnologías de Información y Comunicación de la Educación, de la Secretaría de Educación del Estado de Nayarit; dep.tice@nayarit.gob.mx;"311-374-72-83
";"Av. Del Parque y Av. España No. Ext. 35, Col. Fraccionamiento Cd. Del Valle, C.P. 63157
Tepic, Nayarit";05/09/2025
Nuevo León;SECRETARIO DE EDUCACIÓN O TITULAR;Dr. Juan Paura García;Secretario de Educación y Director de la Unidad de Integración Educativa del estado de Nuevo León;juan.paura@uienl.edu.mx;81 2020 50 01 al 04;"Nueva Jersey no. 4038
2° piso, 
Fracc. Industrial Lincoln
C.P. 64310
Monterrey Nuevo León 
";05/09/2025
Nuevo León;ENLACE SIGED ;Mtra. Verónica Raquel Martínez ;"
Encargada de la Dirección de Innovación Tecnológica de la Información y Comunicación Educativa.
";"veronica.martinez@uienl.edu.mx
verosraquelmr@gmail.com
";"81-2020-5154
Cel. 5575023191
";"Calle Nueva Jersey 4038, entre Nueva Irlanda y Nueva Australia Fraccionamiento Industrial Lincoln 
Monterrey, Nuevo León C.P 63310";05/09/2025
Nuevo León;OPERADOR CONTROL ESCOLAR;Mtro. Ernesto Romero Pérez;Coordinador de Acreditación, Certificación y Control Escolar de la Educación Básica, de la Secretaría de Educación del Estado de Nuevo León;ernesto.romero@uienl.edu.mx;81- 20-20-52-20;"Calle Nueva Jersey 4038, entre Nueva Irlanda y Nueva Australia Fraccionamiento Industrial Lincoln 
Monterrey, Nuevo León C.P 66310";25/02/2026
Nuevo León;OPERADOR DE NOMINA ;Lic. Daniel López Robledo;Director de Nóminas y Prestaciones de la Secretaría de Educación del Estado de Nuevo León;daniel.lopez@uienl.edu.mx;81- 20-20-52-20;"Calle Nueva Jersey 4038, entre Nueva Irlanda y Nueva Australia Fraccionamiento Industrial Lincoln 
Monterrey, Nuevo León C.P 64310";05/09/2025
Oaxaca;SECRETARIO DE EDUCACIÓN O TITULAR;Lic. Emilio Montero Pérez;Director General del Instituto Estatal de Educación Pública del Estado de Oaxaca;direcciongral@ieepo.edu.mx;951 132 52 49;"Segunda Privada Emiliano Zapata 208
Col. Reforma
C.P.68050, Oaxaca, Oaxaca
";05/09/2025
Oaxaca;ENLACE SIGED ; Lic. Florencio de la Cruz Valdivieso;Director de Planeación Educativa, del Instituto Estatal de Educación Pública del Estado de Oaxaca;planeacion@ieepo.edu.mx ;951 51 509 36;Emiliano Zapata No. 527,  Col, Reforma, Oaxaca, Oaxaca ,  CP. 68050;05/09/2025
Oaxaca;OPERADOR CONTROL ESCOLAR;Lic. Roberto Ortiz Cruz;Jefe de Departamento de Información Escolar,del Instituto Estatal de Educación Pública del Estado de Oaxaca;"info.escolar.planeacion@ieepo.gob.mx
info.escolar.ieepo@gmail.com";951 132 78 24                                                                                  cel: 951 110 80 47;"Gardenias 926 Esq. Alamos  Col. Reforma C.P. 68050 
Oaxaca de Juarez, Oaxaca.";05/09/2025
Puebla;SECRETARIO DE EDUCACIÓN O TITULAR;Mtro. Manuel Viveros Narciso;Secretario de Educación del Gobierno del Estado de Puebla;"sepp@seppue.gob.mx
 secretaria.educacion.ocs@seppue.gob.mx";"Conm:
222 229 69 00
222 229 38 00
ext. 1038 y 1222 
          ";"Av. Jesús Reyes Heroles S/N entre 36 poniente y 35 Norte 
Col. Nueva Aurora, 
C.P. 72070 Puebla, Puebla
";05/09/2025
Puebla;ENLACE SIGED ;Víctor Robles Gutiérrez;Director General de Planeación y del Sistema para la Carrera de las Maestras y Maestros, de la Secretaría de Educación del Gobierno del Estado de Puebla;victor.robles@seppue.gob.mx; 222 309 11 60 Ext.3016  ;Boulevard Hermanos Serdán #201, Colonia Valle del Rey, Puebla, Puebla C.P. 72140;05/09/2025
Puebla;OPERADOR CONTROL ESCOLAR;Osvaldo Álvarez Ramos;Director de Control Escolar, de la Secretaría de Educación del Gobierno del Estado de Puebla;osvaldo.alvarez.ramos@seppue.gob.mx;222 309 11 70 Ext. 3012;Boulevard Hermanos Serdán #201, Colonia Valle del Rey, Puebla, Puebla C.P. 72140 ;05/09/2025
Puebla;OPERADOR DE NOMINA ;Alejandro Toxqui Díaz;Coordinador de Vinculación con Servicio Profesional Docente, Convenio Federal y Compatibilidades, de la Secretaría de Educación del Gobierno del Estado de Puebla;alejandro.toxqui@seppue.gob.mx;222 296 900 Ext. 1045;Boulevard Hermanos Serdán #201, Colonia Valle del Rey, Puebla, Puebla C.P. 72140 ;05/09/2025
Querétaro;SECRETARIO DE EDUCACIÓN O TITULAR;Dra. Martha Elena Soto Obregón ;Secretaria de Educación del Estado de Querétaro;"educacion@queretaro.gob.mx
msotoo@queretaro.gob.mx";"442 238 50 87
442 238 50 88
Conm:
442 238 50 00 
ext. 5057
";"Calle Luis Pasteur No. 23 Sur, 
Col. Centro Histórico, Santiago de Querétaro, Qro. C. P. 76000";05/09/2025
Querétaro;ENLACE SIGED ;C.P. Christian Iván Pérez Ramírez;Director de Planeación Educativa de la Unidad de Servicios para la Educación Básica, de la Secretaría de Educación del Estado de Querétaro;cperez@usebeq.edu.mx;"442 238 60 00
Ext. 1300 - 1302";Av.Magisterio N°1000 Col.Colinas del Cimatorio Queretario Queretaro C.P 76090;05/09/2025
Querétaro;OPERADOR CONTROL ESCOLAR;Lic. Carlos Samuel Leal Guerrero;Jefe del Departamento de Registro y Certificación de la Unidad de Servicios para la Educación Básica, de la Secretaría de Educación del Estado de Querétaro ;cleal@usebeq.edu.mx;442 238 60 00 Ext. 1320 - 1322;Av. Magisterio 1000, Colinas del Cimatario, 76090 Santiago de Querétaro, Qro.;05/09/2025
Querétaro;OPERADOR DE NOMINA ;C.P. Yadira Sierra Águilar;Trámite y Control Administración de Personal, Recursos Humanos, de la Unidad de Servicios para la Educación Básica de la Secretaría de Educación del Estado de Querétaro ;ysierra@usebeq.edu.mx;442 238 60 00 Ext. 1416;Av. Magisterio 1000, Colinas del Cimatario, 76090 Santiago de Querétaro, Qro.;05/09/2025
Quintana Roo;SECRETARIO DE EDUCACIÓN O TITULAR;Dra. Elda María Xix Euán;Directora General de Servicios Educativos de Quintana Roo;elda.xix@seq.edu.mx;"983 83 50 770
Ext. 4105 - 4106";"Av. Insurgentes No. 600, Piso 2, 
Esq. Rojo Gómez, Col. Gonzalo Guerrero, C.P. 77020
Chetumal, Quintana Roo ";05/09/2025
Quintana Roo;ENLACE SIGED ;Q.F.B Alejandra Guadalupe Cetina Vázquez;Directora de Planeación, de la Secretaría de Educación del Estado de Quintana Roo;alejandra.cetina@seq.edu.mx;983 83 507 70 Ext. 4312 - 4313 ;"Av. Insurgentes No. 600, Piso 2, 
Esq. Rojo Gómez, Col. Gonzalo Guerrero, C.P. 77020
Chetumal, Quintana Roo ";05/09/2025
Quintana Roo;OPERADOR CONTROL ESCOLAR;Lic. Patricia Ariana Rodríguez Villanueva;Jefa de Departamento de Gestión de Información, de la Secretaría de Educación del Estado de Quintana Roo ;patricia.rodriguez@seq.edu.mx;"01 (983) 835 0770 ext 4323
9831077584 (Cel)";"Av. Insurgentes No. 600, Piso 2, 
Esq. Rojo Gómez, Col. Gonzalo Guerrero, C.P. 77020
Chetumal, Quintana Roo ";05/09/2025
San Luis Potosí;SECRETARIO DE EDUCACIÓN O TITULAR;Lic. Deysi Maribel López Sierra;Secretaria de Educación del Estado de San Luis Potosí;secretario@seslp.gob.mx;"444 499 80 01 al 05
Conm:
444 49 980 00
ext. 2181";Manuel Gómez Azcárate No. 150 Centro SEP, Col. Himno Nacional 2da. Sección C.P. 78369 San Luis Potosí, SLP;05/09/2025
San Luis Potosí;ENLACE SIGED - ESTATAL;Pedro César Ledezma Fernández;Jefe del Departamento de Control Escolar, de la Secretaría de Educación del Estado de San Luis Potosí ;"ce@seer.gob.mx
ceseer@live.com.mx";"444 137 24 06
";Coronel Romero 660, Col. Jardines del Estadio, San Luis Potosí,  San Luis Potosí,  CP. 78280;05/09/2025
San Luis Potosí;ENLACE SIGED - FEDERAL;Lic. Kevin Fabían Elías Alfaro;Jefe del Departamento de Registro y Certificación, de la Secretaría de Educación del Estado de San Luis Potosí  ;regycert@seslp.gob.mx ;444 499 80 00 Ext. 8148 - 8140;"Blvd. Manuel Gómez Azcarate #150 2da. Sección del Fracc. Col. Himno Nacional, C.P.78369, 
San Luis Potosí, San Luis Potosi.";05/09/2025
San Luis Potosí;OPERADOR CONTROL ESCOLAR ESTATAL;MTI. Juan Alberto Rivera González;Coordinador de la Unidad de Informática, de la Secretaría de Educación del Estado de San Luis Potosí  ;uninf@outlook.com;444 820 62 15;Coronel Romero 660, Col. Jardines del estadio, San Luis Potosí, San Luis Potosí, CP. 78280;05/09/2025
San Luis Potosí;OPERADOR DE CONTROL ESCOLAR FEDERAL;Lic. José Carlos Escobar Martínez;Coordinador del Centro Potosino de Tecnología Educativa, de la Secretaría de Educación del Estado de San Luis Potosí  ;"jcescobar@cpte.gob.mx 
coordinacion.cpte@seslp.gob.mx";4448164392 EXT 101                                                   4445191110 (celular);Ismael Salas 215, Col: Nuevo Paseo, San Luis Potosí, C.P: 78320;05/09/2025
San Luis Potosí;OPERADOR DE NOMINA ;Ing. Juan Felipe Miranda Sánchez;Recursos Humanos de la Dirección de Administración, de la Secretaría de Educación del Estado de San Luis Potosí  ;jfmiranda@hotmail.com;444 499 80 00 Ext. 8123;Ismael Salas 215, Col: Nuevo Paseo, San Luis Potosí, C.P: 78320;05/09/2025
Sinaloa;SECRETARIO DE EDUCACIÓN O TITULAR;Lic. Gloria Himelda Félix Niebla;Secretaria de Educación Pública y Cultura del Estado de Sinaloa;gloria.felix@sinaloa.gob.mx;"667 846 42 89
667 714 50 14
Conm:
667 846 42 00
ext. 1004, 1005, 1006
";Blvd. Pedro Infante Cruz, No. 2200 Pte., Col. Recursos Hidráulicos, CP. 80100, Culiacán, Sinaloa;19/02/2026
Sinaloa;ENLACE SIGED ;Lic. Oneyda Araceli Angulo Montoya;"
Secretaria Técnica de la Subsecretaría de Planeación Educativa de la Secretaría de Educación Pública y Cultura del Estado de Sinaloa";oneyda.angulo@sepyc.gob.mx;"(667) 846 42 00 
Ext 4005
(Celular) 6673033619 ";Blvd. Pedro Infante Cruz, No. 2200 Pte., Col. Recursos Hidráulicos, CP. 80100, Culiacán, Sin.;19/02/2026
Sinaloa;OPERADOR CONTROL ESCOLAR; Lic. José Noel Lazcano Rivera;Director de Registro y Certificación  Escolar, de la Secretaría de Educación Pública y Cultura del Estado de Sinaloa ;josenoel.lazcano@sepyc.gob.mx;667 846 42 00  Ext. 4200;Blvd. Pedro Infante Cruz No. 2200 Pte, Col Recursos Hidráulicos, Culiacán, Sin. CP  80105;19/02/2026
Sinaloa;OPERADOR CONTROL ESCOLAR;Lic. María Guadalupe Núñez Márquez;Jefa del Departamento de Registro y Certificación Escolar de la Secretaría de Educación Pública y Cultura del Estado de Sinaloa ;maria.nunez@sepyc.gob.mx;"
  667 846 42 00                                                                      
667 131 6493 (Celular) 
Ext. 4131, 4130, 4120, 4133";Blvd. Pedro Infante Cruz No. 2200 Pte, Col Recursos Hidráulicos, Culiacán, Sin. CP  80105;19/02/2026
Sinaloa;OPERADOR DE NOMINA ;Psic. Gabriela Soto Miller;"Responsable de SIGED, Sinaloa y 
Enlace Institucional de Evaluación, de la Secretaría de Educación Pública y Cultura del Estado de Sinaloa ";"siged25sinaloa@gmail.com
gabi.sotomiller@gmail.com";"667 846 42 00 Ext. 4201
         667 163 5078 (Celular)";Blvd. Pedro Infante Cruz No. 2200 Pte, Col Recursos Hidráulicos, Culiacán, Sin. CP  80105;19/02/2026
Sonora;SECRETARIO DE EDUCACIÓN O TITULAR;Lic. Froylan Gámez Gamboa;Secretario de Educación y Cultura del Estado de Sonora;gamezg.froylan@sonora.edu.mx;"662 289 76 52
662 260 76 61
Conm:
 662 289 76 00
ext. 3101
";Av. Luis Donaldo Colosio Murrieta Final Poniente S/N Col. Las Quintas, Hermosillo sonora C.P. 83240;05/09/2025
Sonora;ENLACE SIGED ;Liseth Ma. Burgos Villaescusa;Coordinadora General de Registro, Certificación y Servicios a Profesionistas, de la Secretaría de Educación y Cultura del Estado de Sonora;"burgosv.liseth@sonora.edu.mx
burgosv.liseth@escsonora.edu.mx";662 289 76 00 Ext. 2370 - 22380;"Calle Guerrero entre Colosio y Sonora N°39 
Col. Centro C.P. 83000 Hermosillo, Sonora";05/09/2025
Sonora;OPERADOR CONTROL ESCOLAR;Ing. Carlos Jaime Mendoza Acuña;Director de Registro y Certificación de Educación Básica, de la Secretaría de Educación y Cultura del Estado de Sonora;"mendoza.jaime@sonora.edu.mx
mendozaa.carlos@escsonora.edu.mx";662 289 76 00 Ext. 2360 ;"Calle Guerrero entre Colosio y Sonora N°39 
Col. Centro C.P. 83000 Hermosillo, Sonora";05/09/2025
Sonora;OPERADOR DE NOMINA ;Ing. Gabriel Alejandro Barranco Varela;Director de Nómina, de la Secretaría de Educación y Cultura del Estado de Sonora;barrancov.alejandro@sonora.edu.mx;662 289 76 00 Ext. 1647;Av. Luis Donaldo Colosio Murrieta Final Poniente S/N Col. Las Quintas, Hermosillo sonora C.P. 83240;05/09/2025
Tabasco;SECRETARIO DE EDUCACIÓN O TITULAR;Mtra. Patricia Iparrea Sánchez;Secretaria de Educación del Estado de Tabasco;despacho_setab@correo.setab.gob.mx;"993 315 93 34
Conm:
993 427 01 61
ext. 102
";"Héroes del 47 esq. Gregorio Méndez
Col. El Águila 
Villahermosa, Tabasco 
C.P. 86080
";05/09/2025
Tabasco;ENLACE SIGED ;Ing. Violeta Magaña Bautista;Titular de la Unidad del Sistema de Información Estadística y Enlace General del SIGED, de la Secretaría de Educación del Estado de Tabasco ;vmaganab@correo.setab.gob.mx;"993 315 44 24
993 358 21 00
993 236 43 48 (Celular)
Ext. 2122 - 2163 ";Calle Héroes del 47 S/N Col. Gil y Sáenz, C.P. 86080 Villahermosa, Tabasco.;05/09/2025
Tabasco;OPERADOR CONTROL ESCOLAR;Joel Castillo Custodio;Analista de la Dirección de Control Escolar e Incorporación y Enlace de Control Escolar, de la Secretaría de Educación del Estado de Tabasco;jcastillo@correo.setab.gob.mx;"993 207 11 70 
993 242 85 86 (Celular)";Calle Héroes del 47 S/N Col. Gil y Sáenz, C.P. 86080 Villahermosa, Tabasco.;05/09/2025
Tabasco;OPERADOR DE NOMINA ;Lic. Gilberto Venegas Jiménez;Encargado del área de S.I.I.E, de la Secretaría de Educación del Estado de Tabasco ;siie@correo.setab.gob.mx;993 71 08 93 49;Calle Héroes del 47 S/N Col. Gil y Sáenz, C.P. 86080 Villahermosa, Tabasco.;05/09/2025
Tamaulipas;SECRETARIA DE EDUCACIÓN O TITULAR;Dr. Miguel Ángel Valdez García;Secretario de Educación del Estado de Tamaulipas;"miguelangel.valdezgarcia@set.edu.mx
secretaria.particular@set.edu.mx";"834 318 66 58
834 318 66 47
834 318 93 50
Conm:
834 318 66 00
01 y 02";Calzada General Luis Caballero S/N, Fracc. Las Flores, C.P. 87078, Cd Victoria, Tamaulipas;05/09/2025
Tamaulipas;ENLACE SIGED ;Lic. Alma Leticia Alemán Nieto;Directora de Registro, Certificación e Incorporación, de la Secretaría de Educación del Estado de Tamaulipas;"28adg0062h@set.edu.mx
alma.aleman@set.edu.mx";"834 318 90 50
Ext. 56107                                                                                                        Cel. 834 116 60 79";Boulevard Praxedis Balboa s/n, 1° piso, col. Miguel Hidalgo, Cd. Victoria, Tamaulipas, C.P. 87090;05/09/2025
Tamaulipas;OPERADOR CONTROL ESCOLAR;Ing. Armando Erick Cervera Orrantia;Apoyo Administrativo, Departamento de Registro y Acreditación de Educación Básica,  de la Secretaría de Educación del Estado de Tamaulipas;armando.cervera@set.edu.mx;"834 318 90 50 Ext. 56110
Cel. 8341431041";Boulevard Praxedis Balboa s/n, 1° piso, col. Miguel Hidalgo, Cd. Victoria, Tamaulipas, C.P. 87090;05/09/2025
Tamaulipas;OPERADOR DE NOMINA ;Lic. Julio Celso Hernández Banda;Dirección  de Control  de Estructuras Educativas, de la Secretaría de Educación del Estado de Tamaulipas ;hombresilustres1@hotmail.com;834 318 66 34                                                                      834 318 66 35                                                                             Ext. 46010;Calzada General Luis Caballero S/N, Fracc. Las Flores, C.P. 87078. Ciudad Victoria, Tamaulipas;05/09/2025
Tlaxcala;SECRETARIO DE EDUCACIÓN O TITULAR;Dr. Homero Meneses Hernández;Secretario de Educación Pública y Director General de la Unidad de Servicios Educativos del Estado de Tlaxcala;secretario@septlaxcala.gob.mx;(246) 462 36 00 Ext. 1001 - 1002;Carretera Federal Libre Tlaxcala-Puebla, Km. 1.5 No. 5, Col. Ánimas, C. P. 90117, Tlaxcala, Tlaxcala;24/02/2026
Tlaxcala;ENLACE SIGED ;Antrop. Alberto Montiel Mendoza;Jefe del Departamento de Estadística de la Unidad de Servicios Educativos del Estado de Tlaxcala;alberto.montiel@septlaxcala.gob.mx;"(246) 462 36 00 Ext. 1405 - 1406  
Cel. 241 1631 279";Carretera Federal Libre Tlaxcala-Puebla, Km. 1.5 No. 5, Col. Ánimas, C. P. 90117, Tlaxcala, Tlaxcala;24/02/2026
Tlaxcala;OPERADOR CONTROL ESCOLAR;Ing. Alejandro Oropeza Hernández;Jefe del Departamento de Tecnologías de la Información y Comunicación de la Unidad de Servicios Educativos del Estado de Tlaxcala;tecnologia.educativa@septlaxcala.gob.mx;"(246) 46 23 600 Ext: 1906
Cel. 2461586776";Calle 11 #207, Colonia la Loma Xicotencatl, Tlaxcala;24/02/2026
Tlaxcala;OPERADOR DE NOMINA ;C.P. Diana Ríos Roldán;Jefa del Departamento de Nóminas de la Secretaría de Educación Pública del Estado de Tlaxcala(SEPE);dian.rol@outlook.com;(246) 462 36 00  Ext. 1513;Carretera Federal Libre Tlaxcala-Puebla, Km. 1.5 Int. 5, Col. Ánimas, C. P. 90030, Tlaxcala, Tlaxcala;24/02/2026
Veracruz;SECRETARIO DE EDUCACIÓN O TITULAR;Lic. Raquel Bonilla Herrera;Secretaria de Educación del Estado de Veracruz;ctello@msev.gob.mx;"Conm:
228 841 77 00
ext. 7441, 7443, 7551 ";Carretera. Veracruz-Xalapa Km. 4.5, Rubí Ánimas, Rubí Animas, 91193 Xalapa-Enríquez, Veracruz;05/09/2025
Veracruz;ENLACE SIGED ;Lic. Luis Carlos Alberto Cuevas Varela;Titular de la Unidad de Planeación, Evaluación y Control Educativo, de la Secretaría de Educación del Estado de Veracruz;"upece.sev@msev.gob.mx
mmartinez@msev.gob.mx";228 841 77 00 Ext. 7075;Carretera. Veracruz-Xalapa Km. 4.5, Rubí Ánimas, Rubí Animas, 91193 Xalapa-Enríquez, Veracruz;05/09/2025
Veracruz;OPERADOR CONTROL ESCOLAR;Mtro. José Alberto Barradas Tercero;Subdirector de Investigación y Análisis de la Información de la UPECE de la Secretaría de Educación del Estado de Veracruz;jbarradas@msev.gob.mx;(228) 8417 700 Ext. 7081;Blvd. Cristobal Colón # 5. Fracc. Jardines de las Ánimas, Torre Ánimas Despacho 114 Primer piso, C.P. 91190 . Xalapa, Veracruz;05/09/2025
Veracruz;OPERADOR DE NOMINA ;L.I. Marco Antonio Alarcón Galván;Subdirector de Investigación y Análisis de la Información de la UPECE de la Secretaría de Educación del Estado de Veracruz;malarcong@msev.gob.mx;(228) 8417 700 Ext. 7081;Blvd. Cristobal Colón # 5. Fracc. Jardines de las Ánimas, Torre Ánimas Despacho 114 Primer piso, C.P. 91190 . Xalapa, Veracruz;05/09/2025
Yucatán;SECRETARIO DE EDUCACIÓN O TITULAR;Dr. Juan Enrique Balam Várguez;Secretario de Educación del Estado de Yucatán;juan.balam@yucatan.gob.mx;"999 930 39 64
Conm:
999 930 39 50
ext. 51033, 51014
";"Calle 34 No. 101-A por 25
Col. García Ginéres,
C.P. 97070
 Mérida, Yucatán.
";05/09/2025
Yucatán;ENLACE SIGED ;Mtra. María Luisa Guillermo García;Encargada de la Dirección de Planeación, de la Secretaría de Educación del Estado de Yucatán;maria.guillermo@yucatan.gob.mx;999 930 39 50 Ext. 51054-51086;Calle 34 # 101-A x 25.  Colonia García Ginerés. C.P. 97070,  Mérida, Yucatán;05/09/2025
Yucatán;OPERADOR CONTROL ESCOLAR;Mtro. José Rafael González Ojeda  ;Encargado de Nivel Medio Superior, de la Secretaría de Educación del Estado de Yucatán;"jose.gonzalez@yucatan.gob.mx
superior911.yucatan@gmail.com";999 930 39 50 Ext. 51282 ;Calle 25 x 36 y 38 s/n Colonia García Gineres. C.P. 97070, Mérida, Yucatán;05/09/2025
Yucatán;OPERADOR DE NOMINA ;Mtro. José Rafael González Ojeda  ;Encargado de Nivel Medio Superior, de la Secretaría de Educación del Estado de Yucatán;jose.gonzalez@yucatan.gob.mx;999 930 39 50 Ext. 51282 ;Calle 25 x 36 y 38 s/n Colonia García Gineres. C.P. 97070, Mérida, Yucatán;05/09/2025
Zacatecas;SECRETARIO DE EDUCACIÓN O TITULAR;Mtra. Gabriela Evangelina Pinedo Morales;Secretaria de Educación del Estado de Zacatecas;secretaria@seduzac.gob.mx;"Conm:
492 923 96 00 
ext. 5019
492 923 15 69
492 923 96 01
";Lateral López Portillo No 305. Fracc. Dependencias Federales,  C.P. 98618, Guadalupe Zacatecas;05/09/2025
Zacatecas;ENLACE SIGED ;Mtra. Ma. Guadalupe Ramírez Muñoz;Encargada de la Dirección de Innovación y Gestión Institucional, de la Secretaría de Educación del Estado de Zacatecas;innovacion@seduzac.gob.mx;492 923 96 00 Ext. 5120;Lateral López Portillo No 305. Fracc. Dependencias Federales,  C.P. 98618, Guadalupe Zacatecas;05/09/2025
Zacatecas;OPERADOR CONTROL ESCOLAR;M.A. Gerardo Rampirez Muñoz;Jefe del Departamento de Control Escolar de la Seceretaría de Educación del Estado de Zacatecas;educabasica@seduzac.gob.mx ; 492 923 96 00 Ext. 5131;Lateral López Portillo No 305. Fracc. Dependencias Federales,  C.P. 98618, Guadalupe Zacatecas;05/09/2025
Zacatecas;OPERADOR DE NOMINA ;I.S.C.J.  Guadalupe del Real Álvarez;"Analísta del Departamento de Nómina de la Secretaría de Educación del Estado de Zacatecas
";nominasistemas@seduzac.gob.mx; 492 923 96 00;Lateral López Portillo No 305. Fracc. Dependencias Federales,  C.P. 98618, Guadalupe Zacatecas;05/09/2025
CONAFE;ENLACE SIGED ;Waldenia Cosmes Martínez;Subdirectora de Control Escolar y Estadística ;wcosmes@conafe.gob.mx;55 52 41 74 00 Ext. 7420;Avenida Universidad 1200 piso 2 col Xoco, C.P 03330, Benito Juarez CDMX;05/09/2025
CONAFE;OPERADOR CONTROL ESCOLAR;Arturo Perea Aguilar;Jefe del Departamento de Estadística y Padrones;aperea@conafe.gob.mx;55 52 41 74 00 Ext. 7502;Avenida Universidad 1200 piso 2 col Xoco, C.P 03330, Benito Juarez CDMX;05/09/2025
CONAFE;OPERADOR CONTROL ESCOLAR;Manuel Reyes Trejo ;Jefe del Departamento de Control Escolar;mreyes@conafe.gob.mx;55 52 41 74 00 Ext: 7503;Avenida Universidad 1200 piso 2 col Xoco, C.P 03330, Benito Juarez CDMX;05/09/2025
CONAFE;OPERADOR CONTROL ESCOLAR;Irving Alan Rodriguez Ponce;Técnico Medio;irodriguezp@conafe.gob.mx;55 52 41 74 00 Ext. 7024;Avenida Universidad 1200 piso 2 col Xoco, C.P 03330, Benito Juarez CDMX;05/09/2025
INBAL;SECRETARIO DE EDUCACIÓN O TITULAR;Mtra. Mónica Hernández Riquelme;Subdirectora General de Educación e Investigación Artísticas ;mhriquelme@inba.gob.mx;55 10 00 46 22 ext. 3002;Londres 16 Col. Juárez, Cuauhtémoc, C.P. 6600 CDMX;05/09/2025
INBAL;ENLACE SIGED ;Elizabeth Bravo Chávez;Subdirectora de Evaluación del Seguimiento Escolar;ebravo@inba.gob.mx;55 10 00 46 00 - 55 86 47 57 00                                         Ext: 3074;Londres 16 Col. Juárez, Cuauhtémoc, C.P. 6600 CDMX;05/09/2025
INBAL;OPERADOR CONTROL ESCOLAR;Mitzi Milady Hernández Cano;Analista de la Subdirección de Evaluación del Seguimiento Escolar.;sese1@inba.gob.mx;55 10 00 46 00 - 55 86 47 57 00                                       Ext:3161  ;Londres 16 Col. Juárez, Cuauhtémoc, C.P. 6600 CDMX;05/09/2025
;;;;;;;
;;;;;;;
;;;;;;;
;;;;;;;
;;;;  ;;;
